v2x_delay,e2e_delay,distance
69,827,316.8844524
55,417,311.6928117
107,872,286.291557
79,1397,286.291557
74,1283,286.2908333
475,1798,286.2908333
177,216,264.6569399
102,475,264.6569399
93,1568,264.6562696
48,1217,264.6562696
112,545,264.6562696
73,711,264.6144204
127,385,263.1812629
81,1359,263.1812629
75,1210,263.1812629
46,1190,263.1476345
101,174,263.1476345
75,1133,263.1476345
107,528,263.1476345
95,668,263.1476345
101,1256,263.1476345
107,1512,263.1470147
120,1254,262.7925145
121,884,262.7925145
54,949,262.7925145
112,1536,262.7925145
65,148,262.7925145
69,974,262.7925145
80,504,262.7925145
61,1365,262.7925145
94,684,262.7925145
69,1412,262.7925145
80,532,262.7925145
67,117,262.7925145
60,158,262.7925145
82,927,262.7925145
92,981,262.7925145
72,719,262.7925145
123,1542,262.7925145
73,1247,262.6851487
81,267,262.6851487
93,1451,262.6851487
92,856,262.6851487
101,413,262.6851487
64,804,262.6851487
69,983,262.6851487
96,1234,262.6851487
92,736,262.6851487
90,545,262.6851487
70,1543,262.6778288
132,1009,262.6778288
37,181,262.6510091
112,1500,262.6510091
98,282,262.6510091
71,507,262.6510091
65,195,262.6510091
117,1186,262.6504042
87,1521,262.6504042
78,105,262.6504042
72,962,262.3942893
136,733,262.3942893
42,1291,262.3942893
52,126,261.6505786
59,1226,261.6505786
65,200,261.6505786
70,588,261.6505786
42,647,261.6505786
71,771,261.6505786
59,1027,261.6505786
55,1222,261.6505786
57,1221,261.6505786
49,457,259.9172654
50,422,259.9172654
56,282,259.9172654
67,1164,259.9172654
59,895,259.9172654
64,1392,259.9172654
50,1267,259.9172654
69,1462,259.9099435
44,473,259.9099435
48,1169,259.9172654
44,1155,259.9172654
53,327,257.1675666
59,1073,257.1675666
54,1226,257.1675666
72,136,257.1675666
50,1430,257.1675666
42,125,257.1675666
59,1157,257.1602424
49,815,257.1602424
86,807,257.1602424
58,535,253.8018504
79,1500,253.8018504
67,175,253.8018504
81,1131,253.7945236
49,683,253.7945236
46,856,253.7945236
52,598,250.0114009
45,1157,250.0114009
76,932,250.0114009
54,749,250.0114009
49,705,250.0040718
47,1323,250.0040718
71,734,250.0040718
53,1529,187.8748915
51,1189,187.8748915
56,304,187.8127974
56,206,187.8116228
48,171,187.8262025
40,1455,179.9368463
60,347,179.9137639
55,524,179.9210503
41,1110,179.9344004
48,129,179.92956
69,623,179.927114
55,517,179.925892
49,1327,179.6368064
36,1406,179.6368064
53,1152,179.6368064
47,170,179.6368064
54,1262,171.5266537
69,855,171.5266537
62,1356,171.5266537
52,675,171.5266537
53,1549,171.5266537
51,692,171.5266537
58,919,171.5067994
56,363,171.5067994
52,641,171.5067994
70,853,163.1837854
67,778,163.1837854
67,558,163.1837854
56,1107,163.1837854
54,554,163.1837854
70,1146,163.1837854
51,410,163.1824684
61,796,163.1824684
32,1268,163.1824684
57,1228,163.1824684
78,1264,163.1824684
59,969,154.6771163
59,380,154.6771163
66,1257,154.6771163
49,647,154.6771163
59,1515,154.6771163
63,1401,154.6771163
55,727,154.6829915
65,405,154.6829915
56,1418,154.6829915
63,1153,145.9090097
65,1454,145.9090097
55,277,145.9090097
67,709,145.9090097
67,1306,145.9090097
68,1553,145.9090097
66,381,145.9090097
79,430,145.9090097
68,776,145.9090097
54,1238,145.9090097
87,138,136.8266012
70,161,136.8266012
63,1404,136.8266012
58,1530,136.8266012
58,951,136.8266012
61,1540,136.8266012
49,1262,136.8266012
47,1374,136.825034
81,1276,136.825034
69,1256,136.825034
67,594,127.4986321
65,424,127.4986321
72,1490,127.4986321
58,935,127.4986321
71,1251,127.4986321
62,1524,127.4986321
71,85,127.4986321
62,259,127.4969764
81,783,127.4969764
66,456,127.4969764
74,1361,117.9812608
61,592,117.9812608
48,630,117.9812608
66,576,117.9812608
52,490,117.9812608
51,338,117.9812608
48,451,117.9812608
58,1117,117.9812608
65,1305,117.9812608
51,727,117.9812608
60,178,108.2620095
50,1106,108.2620095
119,1453,108.2620095
54,1081,108.2620095
91,1447,108.2620095
62,1092,108.2620095
76,1307,108.2620095
22,1295,108.2547829
78,935,80.07431207
74,771,80.07431207
74,501,80.07431207
56,984,80.07431207
65,824,80.07431207
85,1164,80.07431207
61,1388,80.07431207
117,1602,80.07431207
70,156,80.07431207
94,339,80.07225923
56,228,80.07225923
66,1228,80.07225923
98,1439,80.07225923
70,594,80.07225923
61,338,80.07225923
99,1075,80.07225923
72,1119,80.07225923
79,498,80.07225923
59,180,80.07225923
59,551,80.06505431
55,1042,80.06505431
110,963,80.06505431
53,959,80.06505431
71,1521,80.06505431
106,888,80.06505431
51,1469,80.06505431
108,751,80.06505431
53,1361,80.06505431
80,1333,80.06300278
99,685,80.06300278
52,905,80.06300278
65,1154,80.06300278
74,830,80.06300278
60,905,64.06127742
43,823,64.06127742
103,144,64.06127742
51,1400,64.06127742
61,1371,64.06127742
53,1400,64.06127742
90,1370,64.05899899
57,872,64.05899899
93,203,64.05899899
55,1439,64.05899899
52,1051,64.05899899
81,289,64.05899899
57,842,64.05899899
61,1094,64.05899899
78,895,64.05899899
76,174,56.89262622
47,1234,56.88547836
61,240,56.88547836
74,102,56.88547836
56,645,56.88547836
61,652,56.88547836
55,570,56.88547836
81,1415,50.18985835
61,971,50.18985835
65,530,50.18985835
71,207,50.18985835
67,249,50.18985835
56,1233,50.18985835
81,1313,50.18985835
64,1174,50.18985835
90,92,50.18985835
76,1015,50.18985835
72,1508,50.18985835
84,887,50.18985835
96,967,50.18985835
52,1348,50.18985835
67,536,50.18274529
56,909,50.18274529
53,356,50.18274529
109,1263,37.82409747
92,488,37.82409747
59,671,37.82409747
90,488,37.82409747
57,630,37.82409747
107,1071,37.82409747
58,1188,37.82409747
52,1044,37.82409747
104,1419,37.82409747
52,1184,37.82409747
40,453,37.82409747
73,1376,37.82409747
61,850,37.82409747
59,1171,37.82409747
48,311,37.82409747
52,1307,37.82409747
76,1175,37.82409747
46,74,37.81709997
86,1367,37.81709997
57,307,31.77350838
72,333,31.77350838
75,438,31.77350838
54,1529,31.77350838
61,946,31.77350838
58,430,31.77350838
57,1191,31.77350838
70,973,31.77350838
69,847,25.74663369
48,1001,25.74663369
81,1548,25.74663369
67,1480,19.69621956
77,420,19.69621956
87,1482,19.69621956
58,826,19.69621956
55,932,19.69621956
61,525,19.69621956
49,1465,19.69621956
62,82,19.69057843
55,113,19.69057843
52,1464,19.69057843
47,1473,19.69057843
67,216,19.69057843
72,562,19.69057843
49,942,19.69057843
62,1393,19.69057843
40,1359,19.69057843
79,257,19.69057843
54,1381,19.68426046
52,1325,19.68426046
69,746,19.68426046
73,980,13.96818946
51,712,13.96818946
62,1082,13.96818946
51,793,13.96818946
49,208,13.96818946
70,1137,13.96818946
58,1227,13.96818946
64,1332,13.96290789
55,1266,9.719667892
49,1045,9.719667892
45,197,9.719667892
46,459,9.719667892
52,263,9.719667892
57,1416,10.19265353
42,506,10.1889647
57,339,10.1889647
61,1373,10.1889647
52,588,10.19265353
56,418,10.19265353
57,852,10.19265353
47,437,10.19265353
45,317,10.19265353
50,1269,10.19265353
48,765,10.19265353
87,274,10.19265353
57,499,10.19265353
56,783,10.19265353
68,560,10.19265353
47,1260,10.19265353
70,147,15.86570987
66,672,15.86570987
52,820,15.86570987
71,450,15.86570987
66,1282,15.86570987
46,592,15.86570987
55,609,23.77343523
50,1477,23.77343523
53,353,23.77683325
65,1461,23.77683325
48,1143,23.77683325
49,90,23.77683325
65,1149,23.77683325
71,1170,23.77683325
60,1006,23.77683325
70,447,23.77683325
45,1288,23.77683325
52,979,23.77683325
110,988,23.77683325
71,330,23.77683325
70,1506,32.59711074
57,730,32.59711074
56,826,32.59711074
51,294,32.59711074
50,347,32.59711074
72,295,32.59711074
59,406,32.59711074
69,1319,32.60427254
48,1473,42.16259383
52,514,42.16259383
67,1438,42.16259383
40,923,42.16259383
47,853,63.65729403
56,1282,63.65729403
46,657,63.65729403
48,1399,63.65729403
52,1135,63.66459831
47,1024,63.66459831
49,985,63.66459831
64,1523,63.66459831
45,1538,63.66459831
55,1425,63.66459831
45,592,63.66459831
55,512,63.66459831
52,742,63.66459831
57,1390,63.66459831
53,943,63.6719026
47,1391,63.6719026
57,674,63.6719026
47,540,63.6719026
40,1012,63.6719026
71,931,63.6719026
53,568,63.6719026
54,1445,63.6719026
55,1337,63.6719026
66,1217,63.6719026
70,1316,75.38481963
68,134,75.38481963
47,987,75.38481963
64,1538,75.38481963
59,580,75.38481963
54,1382,75.38481963
50,591,75.38481963
56,1372,75.38481963
76,928,75.38481963
50,1441,75.39213606
56,877,75.39213606
60,701,75.39213606
69,99,87.50777607
68,178,87.50777607
56,362,87.50777607
62,1194,87.50777607
50,314,87.50777607
56,1543,87.50777607
53,184,87.50777607
51,991,87.50777607
59,220,100.0842418
76,1363,100.0842418
50,1464,100.0842418
54,757,100.0842418
71,889,100.0842418
50,689,100.0842418
56,1413,100.0842418
58,1205,112.9811013
47,811,112.9811013
46,225,112.9811013
66,640,112.9811013
57,1158,112.9811013
59,1415,112.9811013
82,98,112.9811013
71,169,112.9811013
46,388,112.9811013
70,1527,112.9811013
53,618,112.9811013
56,863,112.9811013
88,123,112.9737732
81,1383,112.9737732
89,1541,112.9737732
64,319,126.314253
60,279,126.314253
81,1414,126.314253
77,508,126.314253
35,1015,126.314253
69,1500,126.314253
76,544,126.314253
61,1334,126.3144775
70,1541,139.84513
80,232,139.84513
66,1254,139.84513
50,638,139.84513
97,792,139.84513
53,644,153.4582021
59,175,153.4582021
66,692,153.4582021
66,1371,153.4582021
60,1047,153.4655325
75,1179,153.4655325
56,1213,153.4655325
59,1422,153.4655325
55,81,153.4655325
47,374,153.4655325
68,535,153.4655325
45,590,153.4655325
64,1353,153.4655325
60,825,153.4655325
65,1549,153.4728629
61,1057,153.4728629
76,935,167.319506
62,452,167.319506
61,192,167.319506
72,1284,167.319506
46,1398,180.9650373
64,801,180.9650373
70,641,180.9650373
48,693,180.9650373
73,1218,180.9650373
88,283,180.9650373
48,871,180.9650373
106,750,180.9650373
52,471,180.9650373
18,1413,180.9650373
69,1147,180.9650373
74,956,180.9650373
52,644,180.9650373
47,241,180.9650373
59,1325,180.972368
60,541,180.972368
56,608,194.7757131
64,561,194.7757131
67,1554,194.7757131
63,1166,194.7757131
46,573,194.7757131
74,909,194.7757131
70,489,194.7757131
62,994,194.7757131
40,1287,195.2007704
50,1490,195.2079908
79,308,195.2005508
56,305,195.2227619
81,151,195.2079908
69,1456,209.0267128
60,798,209.0267128
59,212,209.0192413
60,106,209.0193826
59,224,209.0264308
53,693,209.5900319
43,1205,209.5900319
59,1258,237.2096277
51,1309,237.2096277
50,1101,237.2022979
53,242,237.2022979
50,224,237.2022979
56,1478,237.2022979
54,1133,237.2022979
57,1365,237.2022979
70,97,237.297585
52,1484,237.297585
51,1448,237.297585
42,266,237.297585
49,938,237.297585
65,1431,237.297585
58,1424,237.297585
52,1290,237.297585
47,50,237.297585
49,318,237.297585
65,657,237.3049147
48,88,251.1538436
48,604,251.1538436
61,1025,251.1538436
54,1436,251.1538436
51,52,251.1538436
62,1558,251.1538436
58,892,251.1538436
50,1053,251.1538436
50,1239,251.1538436
57,117,251.1538436
53,213,251.1538436
71,415,265.1580018
60,1385,265.1580018
54,141,265.1582387
60,1335,265.1582387
57,1483,265.1582387
54,1066,265.1582387
55,828,265.1582387
44,405,265.1582387
46,729,265.1655679
51,608,265.1655679
62,1489,265.1655679
46,909,265.1655679
57,307,279.0825633
56,995,279.0825633
52,884,279.0825633
69,920,279.0825633
49,464,279.0825633
44,489,279.0825633
43,686,279.0898921
51,1040,292.9519232
53,179,292.9519232
42,1208,292.9519232
49,1505,292.9519232
49,513,292.9519232
43,764,292.9519232
51,724,292.9519232
45,800,292.9519232
49,175,292.9519232
46,1315,292.9595416
45,70,292.9595416
58,301,292.9595416
47,1109,306.8609138
47,332,306.8609138
58,1058,306.8609138
61,823,306.8609138
59,781,306.8609138
56,860,306.8609138
50,1234,306.8609138
58,911,306.8682419
48,1260,320.8036639
50,1366,320.8036639
53,1525,320.8036639
51,645,320.8036639
81,1161,688.7549555
59,1459,320.8036639
44,419,334.6950783
56,1391,334.6950783
53,1413,334.6950783
38,610,334.6950783
57,1426,334.7027334
50,295,334.7027334
51,237,334.7027334
53,350,334.7027334
50,547,334.7027334
57,1061,334.7027334
49,469,334.7027334
54,216,334.7027334
98,723,674.8610537
68,359,334.7027334
48,1376,334.7027334
66,1127,334.7027334
81,1226,646.9357875
61,999,362.6254753
86,881,362.6254753
51,607,362.6254753
55,1183,362.6254753
59,634,362.6254753
54,727,362.6254753
59,170,362.6254753
50,207,362.6254753
66,675,362.6254753
60,1153,362.6331476
46,468,362.6331476
58,1047,362.6331476
55,1500,362.6331476
64,162,362.6331476
59,893,362.6331476
49,668,362.6331476
66,1392,362.6331476
58,704,362.6331476
62,1042,362.6331476
46,805,362.6331476
80,264,362.6331476
56,751,418.9455385
58,892,418.9455385
49,215,418.9455385
39,799,418.9455385
57,1291,418.9455385
45,1517,418.9455385
39,1339,418.9455385
70,339,418.9455385
68,1506,418.9459074
60,1442,418.9459074
66,559,418.9459074
51,1254,418.9459074
66,1049,418.9459074
70,191,418.9459074
53,1523,418.9459074
52,1406,418.9459074
90,475,418.9459074
51,864,418.9459074
57,713,418.9459074
70,649,418.9459074
45,595,418.9459074
67,431,418.9459074
53,105,418.9459074
59,976,418.9459074
58,1227,418.9459074
58,1007,418.9459074
61,935,418.9459074
70,625,418.9459074
87,209,590.5993715
69,1159,418.9385806
74,1278,418.9385806
94,1431,590.5993715
75,1074,418.9385806
88,1002,590.5993715
67,399,418.9385806
72,562,590.5993715
54,389,418.9385806
93,327,418.9385806
54,82,432.9555816
95,373,576.5895876
60,571,432.9555816
64,177,576.5895876
66,1543,432.9555816
80,792,432.9555816
93,786,576.5830028
75,1266,432.9559509
90,503,432.9559509
60,76,432.9559509
89,979,576.5830028
102,1601,576.5830028
110,1495,432.9559509
65,1029,432.9559509
74,887,576.5830028
63,796,432.9559509
84,1274,576.5830028
82,615,576.5830028
96,681,432.9559509
62,947,432.9559509
25,1310,432.9559509
52,649,432.9559509
90,788,432.9559509
92,1119,576.5764182
72,1156,432.9559509
61,738,432.9559509
101,1474,562.726379
47,808,446.8088788
85,1109,562.726379
77,1033,562.726379
90,957,446.8088788
77,384,446.8088788
60,1320,446.8088788
95,1564,562.726379
66,344,446.8088788
23,1447,446.8088788
49,1414,446.8088788
97,1460,446.8015521
119,406,562.7271157
72,1385,562.7271157
37,1173,460.765547
49,1456,460.765547
92,425,548.7653165
70,1392,460.765547
77,1215,548.7653165
60,1471,460.765547
75,1476,548.7653165
60,100,460.765547
72,775,548.7653165
78,966,548.7653165
66,639,548.7653165
28,1186,460.765547
58,545,460.765547
79,1263,548.7653165
64,188,460.765547
71,1123,548.758745
74,990,460.765547
88,888,460.765547
79,1313,548.758745
91,1121,460.765547
89,302,548.758745
27,753,548.758745
76,272,474.9103894
89,1073,474.9103894
98,338,534.6049943
78,877,474.9103894
83,229,474.9103894
89,888,534.6049943
61,537,488.9741571
71,1524,520.5400308
59,1435,488.9741571
66,1048,520.5400308
72,1439,488.9741571
88,111,520.5400308
78,501,488.9741571
71,1286,488.9741571
73,978,488.9741571
55,877,488.9741571
95,1531,520.540777
71,1128,488.9741571
75,1034,488.9741571
109,1468,520.540777
58,541,488.9741571
73,1210,488.9741571
79,568,502.8113676
65,509,502.8113676
99,1378,502.8113676
94,452,506.7151936
51,1530,502.8113676
149,960,506.7151936
118,430,502.8113676
110,401,506.7078799
70,1287,506.7078799
42,1322,502.8109757
88,310,506.7078799
112,1080,517.0700525
72,1121,517.0700525
109,415,492.4439134
33,1204,517.0700525
84,1562,517.0700525
98,241,492.4446743
47,1470,517.0700525
50,900,517.0700525
104,269,492.4446743
76,1328,492.4446743
109,156,517.0700525
43,1321,517.0700525
84,391,492.4446743
87,1223,492.4446743
100,1133,517.0700525
77,192,517.0700525
112,1404,492.4446743
90,876,517.0700525
101,606,492.4446743
61,604,517.0700525
105,705,492.4446743
79,1205,492.4446743
83,275,517.0700525
118,846,449.2738778
80,478,560.211919
85,618,449.2738778
51,986,560.211919
79,1510,449.2738778
88,955,560.211919
86,1112,449.2738778
70,422,560.211919
95,264,449.2738778
80,820,560.211919
86,933,449.2738778
87,450,560.211919
90,551,449.2738778
71,700,560.211919
83,1252,449.2738778
86,675,560.211919
97,440,449.2738778
56,297,560.211919
96,1369,449.2738778
76,220,449.2738778
66,973,560.2114909
95,1064,449.2738778
109,818,449.2738778
34,1357,560.2114909
78,869,560.2114909
95,814,449.2738778
67,954,560.2114909
92,1333,449.2738778
77,1348,560.2114909
74,498,449.2738778
52,991,560.2114909
92,810,449.2738778
86,577,449.2738778
100,102,560.2114909
64,830,560.2114909
91,1077,449.2738778
73,405,560.2114909
94,585,449.2738778
76,444,449.2738778
30,983,560.2041654
64,304,560.2041654
90,920,449.2819523
72,1205,560.2041654
74,1036,449.2819523
104,950,449.2819523
115,952,560.2041654
60,60,560.2041654
61,231,560.2041654
145,390,449.2819523
104,162,560.2041654
15,407,560.2041654
66,1231,560.2041654
106,910,449.2819523
119,304,449.2819523
26,880,449.2819523
80,433,449.2819523
67,862,560.2041654
115,412,449.2819523
87,613,449.2819523
100,1300,560.1964121
49,784,560.1964121
47,1479,360.6786084
85,784,648.7704961
73,225,648.7704961
58,842,648.7704961
101,776,360.6786084
67,296,648.7704961
74,286,648.7704961
121,660,360.6786084
58,659,648.7704961
105,797,360.6786084
72,1260,648.7631718
76,313,648.7631718
92,522,648.7631718
107,1188,360.6786084
51,1203,648.7631718
113,1165,360.6786084
97,444,648.7631718
62,1477,648.7631718
110,1030,360.6786084
70,1026,648.7631718
97,384,360.6786084
80,1174,360.6786084
16,1448,648.7631718
56,485,648.7631718
70,1126,648.7631718
52,376,360.6859217
85,433,360.6859217
76,310,648.7631718
112,1156,648.7631718
51,1361,648.7627018
79,1240,648.7627018
48,1457,648.7627018
77,361,648.7627018
50,439,648.7627018
116,695,360.6859217
78,1386,648.7627018
124,406,360.6859217
76,1362,648.7627018
97,1185,360.6859217
115,1418,648.7627018
48,748,648.7627018
101,388,360.6859217
71,1551,648.7627018
54,912,648.7553775
107,904,360.6859217
76,1523,648.7553775
79,1176,360.6859217
74,1329,648.7553775
120,586,360.6859217
58,1042,648.7553775
88,777,648.7553775
101,890,360.6859217
62,340,648.7553775
95,900,360.6859217
72,663,648.7553775
91,302,360.6859217
108,1346,648.7553775
59,289,648.7553775
76,701,648.7553775
84,760,648.7553775
107,445,360.6859217
62,1509,648.7553775
73,952,648.7553775
83,782,360.6859217
68,102,648.7553775
53,1223,648.7553775
101,964,360.6859217
91,144,648.7553775
67,919,648.7553775
111,1202,648.7553775
48,258,648.7553775
50,460,360.6859217
91,1082,360.6859217
64,1247,648.7553775
81,528,648.7553775
56,1170,648.7553775
115,1030,360.6054755
52,1078,648.7553775
100,1524,345.3851198
66,1186,663.9627536
82,362,663.9627536
125,973,345.3778065
61,1038,663.9627536
91,604,345.3778065
90,1255,663.9627536
56,1190,663.9627536
111,224,345.3851198
75,435,663.9627536
126,1561,345.3932001
63,1383,663.9627536
76,877,345.4297667
134,787,345.4297667
115,378,345.4297667
99,1471,345.4297667
107,293,345.4297667
132,1007,329.9280379
106,591,329.9280379
104,849,329.9280379
144,1236,329.9265013
100,1102,329.9265013
61,1094,329.9265013
104,1093,329.9265013
65,952,329.9265013
79,420,298.50725
117,1530,298.50725
85,1143,298.5145621
105,550,298.5145621
50,1376,710.879744
88,938,298.5145621
111,1362,298.5145621
81,268,710.879744
89,1394,298.5145621
64,440,710.879744
33,1185,298.5145621
58,373,710.879744
78,527,298.5145621
72,342,710.879744
123,515,298.5145621
54,1180,710.879744
94,1415,298.5145621
66,249,710.879744
61,1515,710.8719346
116,1520,298.5145621
60,667,710.8719346
128,405,298.5145621
51,1061,726.805922
87,1516,282.5846193
54,353,726.805922
122,1293,282.5846193
51,726,742.7814288
85,1449,266.6154436
62,935,742.7814288
97,854,266.6154436
46,951,742.7814288
105,1157,266.6154436
62,1027,742.7814288
96,725,266.6154436
55,1289,742.7814288
104,1509,266.6154436
38,442,266.6219297
66,759,742.7814288
105,391,266.6219297
48,1178,742.7814288
89,524,266.6219297
46,519,742.7814288
75,905,266.6219297
52,1383,742.7814288
93,859,266.6219297
54,727,742.7814288
95,1204,266.6219297
51,602,742.7814288
75,824,266.6219297
45,879,742.7814288
117,1014,266.6219297
37,403,742.7814288
89,516,266.6219297
52,1521,742.7814288
99,627,266.6219297
25,861,266.6292403
65,1109,742.7814288
87,214,266.6292403
46,594,758.5777334
99,574,250.8368513
39,556,758.5777334
85,383,250.8368513
42,123,758.5777334
86,701,250.8368513
57,91,758.5777334
39,1179,235.1860905
53,1062,774.2305181
72,1422,235.1860905
66,1542,774.2305181
100,1565,235.1860905
51,895,774.2305181
107,136,235.1860905
45,368,774.2305181
85,651,235.1860905
54,1475,774.2305181
95,1137,235.1860905
57,1435,774.2305181
89,504,235.1860905
49,841,774.2305181
93,860,235.1860905
61,938,774.2305181
98,518,235.1860905
103,210,235.1860905
93,338,235.1860905
85,270,235.1860905
28,561,235.1860905
66,407,774.2305181
132,387,235.1860905
60,830,774.2305181
72,463,235.5799309
92,647,235.5790785
85,1255,774.2305181
83,510,235.5726217
48,281,774.2305181
82,973,235.5726217
55,535,789.8951105
82,296,219.9071448
91,465,219.9144534
75,1064,789.8951105
87,1419,219.9135898
53,243,789.8951105
74,306,219.9135898
122,138,219.9135898
82,1049,220.5422026
83,1386,220.5422026
27,1074,220.5422026
80,1546,220.5422026
70,165,789.8946148
95,1423,220.5422026
79,913,204.9675085
91,523,204.9675085
89,627,204.9675085
81,1392,204.9748168
92,857,189.4289996
79,1109,189.4931382
98,969,189.4931382
83,1377,189.4931382
83,1381,189.4931382
103,519,189.4931382
92,666,189.4931382
114,1272,189.4931382
101,1067,189.4931382
90,724,189.4931382
104,1301,189.4931382
99,237,189.499556
80,926,189.499556
88,1226,189.499556
118,1328,174.0358997
87,101,174.0358997
88,732,174.0358997
108,1039,174.0358997
92,1054,174.0358997
96,509,174.0358997
90,1332,174.0358997
26,1365,174.0422919
80,823,158.5657759
77,404,158.5657759
111,1554,158.5657759
62,1112,851.9584234
112,717,158.5657759
57,679,851.9584234
105,808,142.9831279
56,1019,867.5427375
97,1302,142.9831279
118,337,142.9831279
96,910,142.9831279
80,1040,867.5427375
103,862,142.9831279
62,418,867.5427375
59,211,867.5427375
109,529,142.990431
105,509,142.990431
81,516,867.5427375
109,1113,142.990431
95,1404,142.990431
86,750,142.990431
92,329,142.990431
76,851,142.990431
118,1466,142.990431
80,112,142.990431
114,588,127.3855683
76,388,127.3855683
32,788,127.3855683
91,818,127.3855683
93,1310,127.3855683
77,1480,127.3855683
38,1300,127.3855683
53,1431,127.3855683
118,972,127.3855683
89,561,127.3845662
89,1322,127.3845662
98,226,127.3845662
93,571,127.3845662
79,92,111.6638013
31,1429,111.6638013
75,349,96.17573279
86,1296,96.17573279
99,1390,96.17573279
71,589,96.18302925
115,407,96.18302925
83,782,96.18302925
101,676,96.18302925
109,559,96.18302925
86,1485,96.18302925
88,1428,96.18302925
80,1310,96.18302925
85,215,96.18302925
77,693,96.18302925
51,443,929.674072
74,350,80.87064317
89,444,80.87064317
128,1183,80.87064317
96,218,80.87064317
80,1425,80.87064317
72,178,80.87064317
84,704,80.87064317
82,1005,80.87064317
92,1191,80.87064317
80,1241,80.87064317
79,197,80.87064317
101,1116,65.60177478
102,618,65.60177478
86,1200,65.60177478
88,891,65.60177478
76,1496,65.60177478
111,1022,65.60177478
78,541,65.60177478
101,630,65.60177478
82,732,65.60177478
47,803,944.9430862
107,627,65.60906641
77,1485,65.60906641
91,989,50.60792569
93,1220,50.60792569
26,661,50.60792569
83,1227,50.60792569
91,651,50.60792569
79,606,50.60792569
94,466,50.60792569
100,720,50.60792569
99,1592,50.60064109
95,349,50.60064109
79,312,35.91931347
104,1185,35.92658174
92,1113,35.92658174
78,986,35.92658174
24,947,35.92658174
111,1457,35.92658174
93,444,35.92658174
98,1263,35.92658174
76,200,35.92658174
110,852,35.92658174
96,552,35.92658174
82,1331,21.57312004
119,646,21.57312004
91,1194,21.57312004
90,1299,21.57312004
106,1593,21.57312004
101,139,21.56395117
75,140,21.56395117
77,683,21.56395117
115,1125,21.56395117
89,380,7.693877746
75,393,7.693877746
88,1359,7.693877746
90,1248,7.693877746
118,987,7.693877746
78,1284,7.693877746
95,531,7.693877746
26,811,7.693877746
92,690,7.149955997
82,1012,7.149955997
90,934,7.149955997
85,1407,7.149955997
95,1060,7.149955997
100,398,7.149955997
82,1092,7.149955997
112,400,7.156983933
94,584,7.156983933
92,416,20.63711119
81,1434,20.63711119
73,991,20.63711119
79,1086,20.63711119
52,1348,20.63711119
111,1596,20.63711119
95,1086,20.63711119
75,174,20.63711119
77,1176,20.63711119
98,669,20.63711119
106,287,20.63711119
28,373,20.63711119
81,1516,20.63711119
119,971,47.13735351
81,81,47.13735351
90,752,47.13735351
99,643,47.13735351
80,935,47.13735351
94,273,47.14463837
94,338,47.14463837
86,1368,47.14463837
92,373,47.14463837
85,601,47.14463837
95,320,47.14463837
80,1372,47.14463837
70,1482,47.14463837
24,1433,47.14463837
79,1553,47.14463837
82,970,47.1519691
113,1472,47.1519691
90,879,47.1519691
84,1104,47.1519691
94,277,47.1519691
76,236,47.1519691
77,1461,73.17599295
82,208,73.17599295
74,1353,73.17599295
75,958,73.17599295
79,1140,73.17599295
87,961,73.17599295
100,883,73.17599295
92,1111,73.17599295
91,1314,73.17599295
76,1344,73.17599295
88,494,73.17599295
79,1064,73.17599295
113,1446,98.50229685
74,1166,98.50962391
93,217,98.50962391
73,202,98.50962391
90,589,98.50962391
86,1426,98.50962391
105,421,98.50962391
76,1546,98.50962391
89,249,98.50962391
81,507,98.50962391
69,1190,98.50962391
95,989,98.50962391
76,730,98.50962391
77,980,98.50962391
76,407,98.50962391
83,246,98.50962391
87,288,98.50997859
72,1032,98.50997859
75,411,98.50997859
74,905,98.50997859
76,944,98.50997859
86,1122,98.51730563
86,518,98.51730563
78,227,98.51730563
89,1132,98.51730563
81,440,110.3507583
91,919,110.3507583
72,1189,110.3507583
88,210,110.3507583
87,1287,110.3507583
73,161,110.3507583
67,88,110.3580842
88,423,110.3580842
75,1058,110.3580842
84,1315,110.3580842
79,1520,121.5461823
90,829,121.5461823
94,1026,121.5461823
64,555,121.5461823
73,327,121.5461823
75,1295,121.5461823
80,91,121.5466275
77,1248,121.5466275
67,1121,121.5466275
79,621,131.8579705
68,911,131.8579705
77,592,131.8579705
67,258,150.5563815
79,1072,150.5563815
66,207,150.5563815
66,72,150.5563815
65,691,150.5637113
65,1237,150.5637113
71,747,150.5637113
72,1239,150.5637113
71,1340,150.5637113
72,888,150.5637113
66,131,150.5637113
63,285,150.5637113
68,1061,150.5637113
74,331,150.5637113
82,1372,150.5637113
89,880,150.5637113
84,330,150.5637113
73,970,150.5637113
75,1056,150.5637113
78,475,150.5637113
69,351,150.5637113
74,534,150.5637113
68,842,150.5637113
67,323,150.5637113
69,1214,150.5637113
72,1159,158.5373045
79,577,158.5373045
69,1434,158.5373045
81,594,158.5373045
80,1328,158.5373045
85,1085,158.5373045
73,922,158.5373045
79,482,158.5373045
59,1299,158.5373045
83,623,158.5373045
75,1113,158.5373045
80,817,158.5373045
67,311,165.2826731
70,254,165.2826731
93,1181,165.2826731
76,85,165.2826731
83,1221,165.2826731
72,687,165.2826731
63,1244,165.2826731
68,1266,165.2826731
71,720,165.2826731
81,1354,165.2826731
67,520,170.9509373
79,877,170.9509373
67,1050,170.9509373
65,966,170.9509373
71,1115,170.9509373
86,624,170.9509373
69,1554,170.9509373
63,1273,170.9509373
72,486,170.9509373
71,1366,170.9509373
75,687,175.8728438
67,1299,175.8728438
60,1041,175.8728438
84,1537,202.5294819
341,1283,202.5294819
240,1283,202.5294819
143,1394,202.5294819
90,1545,202.5294819
85,1513,202.5294819
66,1121,202.5294819
65,215,202.5294819
72,1174,202.5294819
107,1007,202.5294819
89,684,203.0318383
114,1405,203.0318383
107,252,203.0318383
86,320,203.0318383
105,524,201.6323972
77,1480,201.6323972
45,412,200.0209276
88,1324,200.0209276
92,1481,200.0209276
102,595,200.0209276
106,476,200.0209276
113,246,200.0209276
92,432,200.0209276
113,979,200.0209276
72,391,200.0209276
99,680,200.0209276
116,964,200.0209276
87,869,200.0209276
83,469,200.0209276
106,1011,200.0209276
91,1545,200.0209276
88,296,200.0209276
90,1027,200.0209276
80,1356,200.0209276
90,150,200.0209276
88,412,200.0209276
100,169,198.2330784
121,563,198.2330784
84,1541,198.2330784
377,1794,198.2330784
180,1114,196.4221126
88,789,196.4221126
88,434,196.4221126
76,299,196.4221126
94,738,196.4221126
77,1284,196.4221126
83,306,196.4221126
130,637,196.4221126
97,674,196.4221126
37,701,196.4221126
78,1209,196.4221126
126,643,196.4221126
97,1522,196.4292543
101,1014,194.5818674
42,759,194.5818674
44,1170,194.5818674
94,136,194.5818674
104,922,194.5818674
125,834,194.5818674
66,1064,194.5844766
115,1521,194.5844766
103,852,194.5844766
91,579,192.6334289
80,1491,192.6334289
140,679,192.6307586
87,785,192.6405451
137,713,190.4188691
104,986,190.4188691
110,1428,190.4161768
116,434,190.4161768
28,515,190.4161768
167,1091,185.3441706
42,1222,185.3441706
126,515,185.3584421
135,572,181.0427073
88,1002,181.0427073
126,259,181.0427073
130,1147,181.0427073
95,269,181.0427073
101,1511,181.1365239
119,816,181.1437195
107,705,181.1415938
87,957,181.1365239
131,235,175.3458268
40,161,175.3530862
126,1119,175.3587977
99,704,175.3561841
96,1504,175.3663485
80,568,175.3663485
35,1139,175.3663485
89,825,175.3663485
28,742,175.3663485
82,613,175.3663485
95,1492,175.3663485
111,618,175.3663485
96,893,171.3204827
25,563,171.3204827
106,718,171.3204827
30,573,171.3204827
67,467,171.3204827
46,1441,171.3204827
116,549,171.3204827
103,1116,171.3204827
60,1401,171.3204827
107,280,122.2300738
105,1115,122.2300738
93,1380,122.2300738
101,1132,122.2300738
44,1167,122.2300738
82,1328,122.2300738
105,795,122.2227459
75,1167,122.2227459
107,419,122.2227459
82,1406,122.2300738
120,1135,122.2300738
85,226,122.2300738
96,1329,122.2300738
107,1260,122.2227459
81,1466,122.2227459
74,1349,122.2227459
50,1482,122.2227459
91,1009,122.2227459
86,332,122.2227459
106,663,122.2230581
71,1487,122.2230581
114,350,122.2230581
93,1437,122.2230581
118,699,122.2230581
94,711,122.2230581
106,579,122.2230581
27,1477,122.2230581
87,1426,122.2230581
97,448,122.2230581
96,467,122.2230581
21,1022,122.2230581
76,283,122.2230581
71,986,122.2230581
90,762,122.2157303
78,506,122.2157303
92,1001,122.2157303
106,305,122.2157303
87,237,122.2157303
112,311,122.2157303
119,1404,122.2157303
80,306,122.2157303
33,302,122.2157303
111,1088,122.2157303
85,1162,122.2157303
37,138,122.2157303
85,999,122.2157303
87,111,122.2013878
87,229,122.2013878
97,616,122.2013878
88,992,122.2013878
90,270,122.2013878
90,1131,122.2013878
24,622,122.2013878
73,1269,122.2013878
78,883,122.2013878
80,273,122.2013878
94,159,122.1940599
123,1037,122.1940599
73,674,122.1940599
91,687,122.1940599
47,1089,122.1940599
89,867,122.1940599
77,1177,122.1940599
67,199,122.1940599
84,1483,122.1940599
68,749,122.1940599
85,161,122.1940599
64,970,122.1870464
85,1579,122.1870464
88,507,122.1870464
71,866,122.1870464
87,292,102.8257822
49,1233,102.8184533
243,964,102.8184533
86,1095,102.8184533
107,690,102.8184533
126,180,102.8184533
79,793,102.8113764
97,413,102.8113764
100,320,92.46688582
68,1257,92.46688582
87,861,92.46688582
83,1571,92.46688582
120,502,92.46688582
87,775,92.46688582
81,178,92.46688582
78,1042,92.46688582
84,1500,92.46688582
70,872,81.74306322
77,826,81.74306322
74,1134,81.74306322
78,1456,81.74306322
89,1487,81.74306322
84,622,81.74306322
87,126,81.74306322
92,236,81.74306322
73,1055,81.74306322
29,323,81.73592648
94,258,81.73592648
80,568,81.73592648
100,878,81.73592648
104,1352,70.66771053
71,1122,70.66771053
83,1181,70.66771053
115,742,70.66771053
51,1147,70.66771053
24,105,70.66771053
104,694,70.66771053
107,182,70.6603804
83,1480,70.6603804
119,712,70.6603804
106,662,70.6603804
99,872,70.6603804
86,1477,59.21875108
30,1101,59.21875108
94,1472,59.21875108
94,325,59.21875108
100,1181,59.21147578
95,914,59.21147578
83,1557,59.21147578
98,160,59.21147578
101,1037,47.27086543
84,1422,34.85580816
73,1533,34.85580816
21,1252,34.85580816
90,1286,34.85580816
95,726,34.85580816
110,716,34.84848157
40,332,34.84848157
91,1234,34.84848157
105,627,34.84848157
33,506,34.84848157
89,541,34.84848157
97,1176,34.84848157
71,201,34.84848157
74,1359,34.84848157
98,1378,34.84078062
96,775,34.84078062
102,278,34.84078062
98,227,34.84078062
107,242,21.93629804
70,232,21.93629804
98,733,21.93629804
76,270,21.93629804
85,297,21.93629804
75,991,21.92900243
121,984,21.92900243
71,268,21.92900243
96,845,8.762340798
93,1030,21.19347609
106,1162,21.19347609
69,308,21.19347609
90,1247,21.19347609
96,594,21.19347609
74,642,21.19347609
104,905,21.19347609
90,1581,21.19347609
80,110,21.19347609
105,956,21.19347609
97,860,21.19347609
90,717,21.19347609
95,705,21.19347609
75,383,21.19347609
96,1299,21.19347609
81,1228,21.19347609
85,1329,21.1910636
122,1151,21.1910636
73,320,21.1910636
100,404,21.1910636
82,1345,21.1910636
129,1566,21.1910636
91,1217,21.1910636
100,636,21.1910636
95,892,21.1910636
78,1086,21.1910636
70,980,21.1910636
83,1422,21.1910636
112,1140,21.1910636
119,324,51.03891913
125,167,51.03891913
87,1142,51.03891913
116,1231,51.03891913
29,812,51.03891913
36,695,51.0316455
23,1380,51.03891913
91,123,51.03891913
35,1206,51.03891913
90,236,51.03891913
91,1364,51.03891913
120,1245,51.03891913
86,224,51.03891913
105,1127,51.03891913
118,1544,51.03891913
92,1543,51.03891913
122,206,81.28179812
96,691,81.27450419
-65458,-64499,81.27450419
109,271,81.27450419
119,1056,81.27450419
133,390,81.27450419
128,715,81.27450419
116,1504,81.27450419
121,914,81.27450419
81,1013,81.27450419
82,1096,81.27450419
112,500,81.26721026
85,498,81.26721026
94,537,81.26721026
88,1384,81.26721026
129,969,96.34943401
109,1497,96.34943401
64,1094,96.34943401
118,1478,96.34943401
88,516,96.34943401
30,165,96.34213565
79,1130,96.34213565
59,865,96.34213565
68,648,96.34213565
123,349,96.34213565
76,813,96.34213565
72,1339,96.34213565
112,192,96.34213565
79,1241,96.34213565
82,655,96.34213565
89,1043,96.32649484
92,234,96.32649484
74,509,96.32649484
89,1025,111.2774886
85,220,111.2774886
120,520,111.2774886
74,528,111.2774886
108,1153,111.2774886
127,1578,111.2774886
100,162,111.2774886
67,655,126.0063841
116,292,126.0063841
96,663,126.0063841
77,1149,126.0063841
76,1488,126.0063841
61,577,126.0063841
114,1141,126.0063841
77,865,126.0063841
95,1522,125.998104
95,1489,125.998104
68,605,125.998104
107,1219,125.998104
84,628,140.6616908
96,386,140.6616908
91,1249,140.6616908
72,933,140.6616908
103,789,140.6616908
76,1472,140.6543867
85,780,140.6543867
44,985,140.6543867
87,125,169.6451226
43,74,169.6451226
67,640,169.6451226
116,567,169.6451226
71,944,169.6451226
36,1393,169.6451226
98,1172,169.6451226
94,960,169.6305088
76,562,169.6305088
104,526,169.6305088
93,555,169.6305088
20,1378,169.6305088
43,215,169.6305088
94,800,169.6305088
103,115,169.6305088
99,454,169.6305088
90,774,169.6305088
90,1291,183.9506522
92,1207,183.9506522
106,1437,183.9506522
70,1463,183.9506522
25,81,183.9506522
70,990,183.9506522
113,1137,183.9506522
73,1109,183.9506522
93,663,183.9506522
89,915,183.9506522
74,777,183.9433439
85,1412,183.9433439
78,96,198.3151038
78,290,198.3151038
110,643,198.3151038
79,80,198.3151038
84,598,198.3151038
95,839,198.3151038
75,324,198.3151038
79,1420,198.3151038
65,850,198.3151038
73,272,198.2996346
65,749,198.2996346
93,112,198.2996346
93,520,212.6752453
98,640,212.6752453
101,1547,212.6752453
84,1284,212.6752453
80,854,212.6752453
24,1415,212.6606253
100,416,212.6606253
31,685,212.6606253
96,950,212.6606253
95,260,227.0552796
91,501,227.0552796
116,1096,227.0552796
66,954,227.0552796
78,294,227.0552796
85,498,227.0398319
75,879,227.0398319
89,1363,227.0398319
99,677,227.0398319
88,876,241.4509021
89,381,241.4509021
78,404,241.4509021
94,1186,241.4509021
97,1551,241.4509021
68,356,255.8580137
81,155,255.8507026
75,278,255.8507026
112,1520,255.8507026
94,315,255.8507026
96,1397,255.8507026
114,217,255.8507026
114,420,255.8507026
72,1460,270.3586355
113,914,270.3586355
98,342,270.350519
95,1093,270.350519
28,480,270.350519
79,529,270.350519
84,1576,270.350519
69,121,270.350519
88,158,270.350519
94,1031,270.350519
89,151,270.350519
87,1035,270.350519
108,1584,284.9872484
77,171,284.9872484
81,1466,284.9872484
99,227,284.9872484
102,1006,284.9872484
67,425,284.9872484
92,759,284.9872484
99,697,284.9872484
71,649,284.9872484
22,301,284.9791462
86,169,284.9791462
80,564,284.9791462
93,116,284.9791462
91,1361,299.8492525
107,119,299.8492525
68,834,299.8492525
93,1099,299.8492525
114,355,299.8492525
100,168,299.8492525
79,1365,299.8492525
87,1044,299.8419398
82,454,299.8419398
82,528,299.8419398
73,366,299.8419398
69,1305,314.8200763
72,1209,314.8200763
72,1093,314.8200763
72,1188,314.8200763
77,425,314.8200763
69,928,345.0639861
81,165,345.055925
62,580,345.055925
79,467,345.055925
74,766,345.055925
69,107,345.055925
77,448,345.055925
87,387,345.055925
93,662,345.055925
106,1565,345.055925
95,1475,345.055925
72,1122,345.0486108
70,1244,345.0486108
66,379,345.0486108
73,1491,345.0486108
71,278,345.0486108
78,534,345.0486108
94,257,345.0486108
76,1400,345.0486108
70,1119,345.0486108
63,833,345.0486108
70,1471,345.0478641
69,759,345.0478641
74,583,345.0478641
92,1083,345.0478641
77,950,360.1502104
76,1001,360.1502104
65,1221,360.1502104
64,305,360.1502104
74,575,360.1502104
85,763,360.1502104
78,890,360.1428961
75,217,360.1428961
74,601,360.1428961
71,1026,360.1502104
72,1525,375.2071945
67,887,375.2071945
88,988,375.2071945
74,1343,375.2071945
83,1235,390.3586504
72,1300,390.3586504
68,711,390.3586504
64,1390,390.3586504
84,336,390.3586504
72,309,390.3586504
69,1043,390.3586504
66,538,390.3586504
88,747,390.3586504
67,756,390.3586504
71,404,390.3586504
594,1988,405.5883371
494,1932,405.5949092
397,811,405.5949092
299,1280,405.5949092
201,1447,405.5949092
103,886,405.5949092
76,1286,405.5949092
86,314,405.5949092
75,549,405.5949092
78,78,405.5949092
76,792,405.5949092
68,96,405.6022236
107,776,420.8339621
73,1105,420.8339621
72,517,420.8339621
74,434,420.8339621
81,1131,420.8339621
69,489,420.8339621
76,1418,420.8339621
61,1343,420.8339621
70,583,420.8339621
67,382,420.8412768
65,1230,420.8412768
64,1380,451.7066043
82,1350,451.7066043
69,1462,451.7131908
73,1079,451.7131908
81,1497,451.7131908
74,1514,451.7131908
83,909,451.7131908
73,1432,451.7131908
69,1332,451.7131908
87,635,451.7131908
75,1279,451.7131908
75,1039,451.7131908
78,977,451.7205058
79,320,467.3108688
82,1120,467.3108688
85,202,467.3108688
58,421,543.0909127
72,946,467.3108688
68,538,543.0909127
81,626,467.3108688
81,307,467.3108688
65,1314,543.0909127
79,1209,467.3108688
92,1088,467.3108688
64,667,467.3108688
77,315,467.318184
1060,1769,482.9597761
1069,1944,527.4444343
971,2071,527.4444343
966,1541,482.9597761
874,1751,527.4444343
872,2303,482.9597761
778,1430,527.4444343
774,1829,482.9597761
673,1007,482.9597761
582,956,527.4444343
576,1715,482.9597761
485,1695,527.4444343
480,1413,482.9597761
388,994,527.4444343
382,1608,482.9597761
290,1749,527.4444343
284,1615,482.9597761
192,751,527.4444343
186,1054,482.9597761
95,1411,527.4371094
91,305,482.9597761
49,954,527.4371094
70,201,482.9597761
49,144,527.4371094
79,546,498.5547201
67,446,511.8409072
85,520,498.5547201
58,1404,511.8409072
83,1090,498.5547201
48,1527,511.8409072
84,1177,498.5547201
53,294,511.8409072
83,994,498.5547201
59,1302,511.8409072
93,303,498.5547201
85,1044,498.5547201
75,1309,511.8409072
74,449,498.5620356
48,68,511.8409072
79,629,498.5620356
54,526,511.8409072
75,716,529.9142415
79,1444,529.9142415
75,1317,480.4926117
74,984,529.9142415
55,104,480.4926117
78,1498,529.9142415
103,662,529.9142415
75,271,529.9142415
77,1336,529.9142415
80,820,529.9142415
82,1292,529.9069258
87,565,529.9069258
101,1256,529.9069258
79,1459,529.9069258
74,249,529.9069258
85,553,529.9069258
86,1193,529.9069258
83,853,529.9069258
84,332,529.9069258
67,171,529.9069258
85,1265,529.9142415
75,124,529.9142415
88,424,561.5915256
77,91,561.5915256
90,807,561.5915256
75,349,561.5915256
74,1344,561.5915256
79,1280,561.5915256
88,1071,561.5915256
26,979,561.5849163
81,575,561.5849163
98,1072,561.5849163
78,1016,561.5849163
67,1181,561.5849163
77,1141,561.5849163
71,802,561.5849163
82,343,561.5849163
76,1153,561.5849163
93,200,561.5849163
93,1126,561.5849163
80,779,561.5856233
86,1019,561.5856233
73,85,577.4551336
76,736,577.4551336
84,130,577.4551336
98,847,577.4551336
64,1102,577.4551336
77,874,577.4551336
76,1181,577.4551336
74,446,577.4551336
72,1546,577.4551336
94,847,577.4551336
85,1349,593.2874216
74,773,593.2874216
82,921,593.2874216
86,270,593.2874216
88,747,593.2874216
72,1299,593.2874216
81,434,593.2874216
77,373,593.2874216
85,907,593.2881215
78,1341,593.2881215
103,253,593.2881215
72,1173,624.978287
73,285,624.978287
72,785,624.978287
74,103,624.978287
77,530,624.978287
79,1201,624.978287
70,97,624.9776032
82,1290,624.978287
92,1360,624.978287
71,1473,624.978287
84,935,624.978287
78,105,624.978287
68,856,624.978287
89,760,624.978287
70,941,624.978287
71,242,624.978287
74,477,624.978287
68,1538,624.9856039
77,790,640.7606886
75,90,640.7606886
72,1010,640.7606886
79,689,640.7606886
68,1342,640.7606886
72,1136,640.7606886
66,1108,640.7606886
77,945,640.7606886
76,667,656.3990754
65,418,671.9589853
68,745,671.9589853
63,886,671.9589853
69,1369,671.9589853
74,754,671.9589853
83,798,671.9589853
71,186,671.9589853
85,233,671.9589853
77,1179,671.9589853
70,860,671.9589853
77,360,671.9663028
70,730,671.9663028
87,170,671.9663028
80,662,671.9663028
65,662,671.9663028
77,153,671.9663028
70,356,671.9663028
69,238,671.9663028
82,996,671.9663028
103,154,671.9663028
78,784,671.9736203
69,706,671.9736203
75,332,687.3620165
59,394,323.0048678
84,1140,687.3620165
64,1091,323.0048678
73,108,687.3620165
54,468,323.0048678
64,1085,687.3620165
63,565,323.0048678
76,244,687.3620165
52,1216,323.0048678
74,1337,687.3620165
40,705,323.0048678
75,993,687.3620165
59,1345,323.0048678
79,967,687.3620165
62,467,323.0048678
66,1268,687.3693342
46,1384,323.0048678
63,1305,687.3693342
72,181,687.3693342
76,585,307.7258149
72,312,702.643496
60,581,307.7258149
90,626,702.643496
78,452,307.7258149
90,249,702.643496
43,625,307.7258149
62,272,702.643496
54,276,307.7258149
75,603,702.643496
61,960,307.7258149
67,109,702.643496
63,1101,307.7258149
68,196,702.643496
59,1497,307.7258149
67,1003,702.643496
50,767,307.7331411
80,767,702.650814
59,191,307.7331411
73,1136,702.650814
51,438,307.7331411
72,687,717.9841561
49,1367,292.4010792
70,1335,717.9841561
92,1077,717.9841561
70,1345,292.4010792
79,901,717.9841561
73,1364,717.9841561
85,1115,292.4010792
66,856,292.4010792
58,59,277.1182365
70,117,277.1186135
50,474,277.1186135
45,227,277.1186135
75,323,277.1186135
64,1327,277.1186135
52,1308,277.1186135
59,1340,277.1186135
40,1059,277.1186135
64,1380,277.1186135
46,287,261.7825544
50,101,261.7825544
46,1374,261.7825544
52,139,246.5422819
49,442,246.5422819
45,205,246.5422819
56,373,246.5422819
63,564,246.5422819
55,212,246.5422819
48,859,246.5422819
71,529,246.5422819
51,852,246.5422819
50,1105,246.5422819
56,714,246.5422819
69,994,763.9006689
53,1091,246.5422819
70,1081,763.9006689
64,1472,246.5422819
63,1412,763.9006689
62,1478,246.5422819
72,1552,763.9006689
51,406,246.5422819
76,584,763.9153048
68,1121,246.5349543
71,857,763.9153048
55,812,246.5349543
92,1358,823.5610491
48,244,186.9049967
75,720,823.5610491
52,229,186.9049967
70,273,823.5610491
47,929,186.9049967
83,549,823.5610491
52,701,186.9049967
77,989,823.5610491
73,1291,186.9049967
74,978,186.9049967
53,1258,186.9049967
75,606,823.5610491
78,846,823.5610491
117,628,823.5610491
65,270,823.5610491
75,81,186.9049967
60,1329,186.9049967
65,1516,823.5677161
59,1367,186.9123256
69,1408,823.5677161
65,662,823.5677161
87,1519,186.9123256
52,314,186.9123256
76,231,823.5677161
56,728,186.9123256
67,650,823.5677161
83,870,823.5677161
96,803,186.9123256
46,950,186.9123256
74,468,823.5677161
54,1451,186.9123256
73,1188,823.5677161
64,1400,823.5677161
87,399,186.9123256
50,396,186.9123256
70,1098,823.5677161
57,1324,186.9123256
90,1221,823.5750343
75,1041,823.5750343
89,1285,186.9123256
54,176,186.9123256
76,551,838.1551945
61,827,172.3445119
68,1361,838.1551945
69,95,172.3445119
84,1244,838.1551945
72,962,172.3445119
72,1160,838.1551945
55,736,172.3445119
79,638,838.1551945
61,674,172.3445119
94,1136,838.1551945
66,387,172.3445119
64,575,838.1551945
71,352,172.3445119
78,848,838.1551945
86,1584,838.169179
68,517,172.3445119
84,745,838.169179
54,1286,172.3445119
75,1253,838.169179
65,589,172.3445119
68,1060,838.169179
70,1444,172.3445119
71,1100,172.3445119
51,530,172.3445119
72,90,172.3445119
78,1172,838.169179
80,736,838.169179
82,1480,838.169179
97,1107,172.3445119
76,1503,838.169179
71,1261,172.3445119
68,135,838.169179
61,1227,172.3445119
72,284,838.169179
56,80,172.3445119
87,184,838.1758455
79,1279,838.1758455
96,675,172.3442947
66,930,172.3442947
66,835,838.1758455
66,1491,172.3442947
94,1261,838.1758455
66,274,172.3442947
86,965,838.1758455
52,1373,172.3442947
74,919,838.1758455
66,72,172.3442947
76,584,838.1758455
69,1169,838.1758455
106,572,172.3442947
60,503,172.3442947
76,1293,838.1758455
66,273,172.3442947
76,1451,838.1758455
73,756,172.3442947
65,1027,852.6284724
81,974,157.9062848
79,289,852.6284724
83,677,852.6284724
98,906,157.9062848
76,732,852.6284724
74,415,157.9064702
78,529,852.6284724
56,1553,157.9064702
74,425,852.6284724
79,258,852.6284724
24,918,157.9064702
70,973,852.6357906
61,1522,157.9064702
91,970,852.6357906
66,1220,157.9064702
76,880,866.968091
71,737,143.5806782
94,1181,866.9754093
75,656,866.9754093
13,669,143.5806782
71,485,866.9754093
74,1234,143.5806782
76,1044,866.9754093
52,1289,143.5806782
92,1368,866.9754093
59,976,143.5806782
79,952,866.9754093
602,1062,143.5806782
598,722,866.9754093
508,1463,143.5806782
503,699,866.9754093
411,1024,143.5806782
408,1176,866.9754093
315,1396,143.5806782
312,900,866.9754093
77,395,143.5806782
77,432,866.9747613
74,1563,129.4089277
71,960,881.16314
65,106,129.4089277
80,1012,881.16314
70,556,129.4089277
65,400,881.16314
74,229,129.4089277
76,1564,895.041928
56,362,115.5355271
79,624,895.041928
52,1327,115.5355271
75,196,895.041928
69,745,115.5355271
65,713,895.0492464
59,756,115.5355271
76,371,895.0492464
69,1055,895.0492464
100,1583,115.5355271
67,688,115.5355271
75,1352,895.0492464
91,401,895.0492464
102,779,115.5355271
87,1021,895.0492464
60,707,115.5355271
106,331,895.0492464
66,1422,895.0492464
107,411,115.5355271
77,1231,895.0492464
77,1062,895.0492464
110,981,115.5355271
67,181,895.0492464
76,860,102.0381097
75,699,908.5589624
104,203,102.0381097
64,80,908.5589624
81,130,102.0307788
80,597,908.5589624
86,872,908.5589624
112,691,102.0307788
97,343,908.5589624
77,911,908.5589624
32,1294,102.0307788
73,113,921.8358463
74,805,88.76322274
76,604,921.8358463
65,1288,88.76322274
77,1422,921.8358463
67,743,88.76322274
70,1110,921.8358463
70,1076,921.843165
39,1297,88.76316363
70,1193,921.843165
64,1048,921.843165
88,1336,88.76316363
60,239,88.76316363
71,591,921.843165
96,1439,88.76316363
91,640,921.843165
54,610,88.76316363
77,379,921.843165
62,794,88.76316363
64,130,934.7749131
71,881,934.7749131
80,473,75.86217402
63,105,75.86217402
77,559,934.7749131
74,629,934.7749131
97,203,75.86217402
70,1218,934.7822318
1234,1950,75.86217402
1136,1411,75.86217402
1132,1898,934.7822318
1039,1613,75.86217402
1040,1663,75.86217402
942,2132,75.86217402
938,1943,934.7822318
839,886,934.7822318
847,1729,75.86217402
750,1390,75.86217402
651,1242,75.86217402
553,1978,63.19327078
360,609,63.19327078
70,805,947.4937809
79,1149,63.18594348
57,861,63.18594348
79,930,947.4937809
75,558,947.4937809
86,1304,63.18594348
59,1461,63.18594348
73,1212,947.4937809
73,380,947.4937809
112,657,63.18594348
75,1456,959.9186222
101,683,50.8227746
75,1371,959.9186222
69,447,959.9186222
98,697,50.8227746
76,848,50.8227746
70,530,959.9253021
75,1413,959.9253021
87,1012,50.8227746
70,417,50.8227746
65,467,959.9253021
65,396,50.8227746
83,1180,959.9253021
66,555,959.9253021
87,536,50.8227746
68,1197,50.8227746
82,292,959.9253021
67,349,50.8227746
94,1507,959.9253021
74,685,50.8227746
76,1432,50.8227746
77,1495,50.8227746
89,1580,959.9253021
37,1524,50.8227746
71,886,959.9253021
92,339,959.9332595
103,888,50.8227746
78,1213,959.9332595
81,1434,50.8227746
94,1267,39.16350511
73,1188,39.16350511
91,732,971.6796595
74,1180,39.16350511
80,551,971.6796595
77,460,39.16350511
81,1258,971.6796595
78,1040,971.6796595
115,655,39.16350511
73,169,971.6796595
83,328,971.6796595
17,482,39.16350511
64,661,39.16350511
81,278,991.3774697
71,1540,991.3847884
86,1424,19.81172117
80,108,991.3847884
89,208,19.81172117
76,1113,19.81172117
78,803,19.81172117
82,692,19.81172117
90,711,19.81172117
92,1315,991.3847884
64,194,19.81172117
83,1350,991.3847884
75,1484,19.81172117
82,1144,991.3847884
66,1183,991.3847884
13,958,19.81172117
62,63,19.81172117
109,665,991.3847884
76,626,991.3847884
31,873,19.80932765
118,711,991.3847884
73,319,19.80932765
584,896,991.3847884
497,1634,19.80932765
492,1062,991.3847884
401,1326,19.80932765
400,1121,991.3847884
300,731,991.3847884
199,665,991.3847884
208,1574,19.80932765
102,1505,991.3847884
112,284,19.80932765
69,546,19.80932765
68,641,991.3847884
80,1138,991.3847884
94,948,19.80932765
73,839,991.3847884
71,515,991.3847884
65,1139,991.3921072
93,1249,19.80932765
69,235,991.3921072
52,758,19.8188798
67,542,991.3921072
68,392,991.3921072
44,1344,19.8188798
66,447,991.3921072
78,857,999.7285728
16,581,11.96957933
77,1354,999.7285728
68,70,999.7285728
114,587,11.96957933
68,452,999.7285728
80,672,11.96957933
81,1316,11.96957933
61,498,999.7285728
94,517,999.7285728
25,339,999.7285728
36,75,11.97633238
78,143,999.7285728
97,105,11.97633238
105,562,6.3704783
-65431,-64101,6.3704783
99,713,6.3704783
61,1112,6.37485087
61,820,6.37485087
27,497,5.992501512
115,1087,5.992501512
28,1233,5.992501512
97,559,5.992501512
65,1533,5.992501512
109,1572,5.992501512
93,336,9.448254373
18,1241,9.448254373
40,1162,9.448254373
52,332,9.449409647
105,608,9.449409647
1352,1640,16.77911248
1255,2556,16.77911248
1158,2475,16.77911248
960,1600,16.77911248
763,1447,16.77911248
565,1442,16.77911248
367,1158,16.77911248
270,1672,16.77911248
40,998,16.77911248
104,1446,16.77911248
26,1429,19.98540105
113,1191,19.98540105
75,1177,19.98540105
18,343,19.98540105
100,875,19.98540105
27,1513,19.98540105
86,1389,19.98540105
61,170,19.98540105
36,1165,19.98540105
77,1070,22.73500675
49,1183,22.73500675
90,1220,22.73500675
108,411,22.73500675
91,628,22.73500675
105,1467,22.73500675
74,81,22.74204393
79,246,22.74204393
108,1216,22.74204393
105,533,24.6853083
93,168,24.6853083
110,871,24.6853083
81,635,24.6853083
86,1022,24.6853083
46,1173,24.6853083
73,185,24.6853083
581,1820,25.85779298
484,1826,25.85779298
387,1130,25.85779298
194,601,25.85779298
112,678,25.85779298
91,293,25.86767497
19,1233,25.86767497
84,480,26.53156569
69,239,26.53156569
95,1575,26.53156569
71,1103,26.53156569
98,143,26.53156569
63,685,26.88788234
76,937,26.88788234
67,927,26.88788234
70,239,26.88788234
86,793,26.88788234
52,792,26.88788234
77,1123,26.88788234
85,1033,26.88788234
79,639,26.88788234
72,533,26.88788234
62,1517,26.88788234
74,402,26.88788234
58,1349,26.88788234
59,321,27.10381689
68,958,27.10381689
72,527,27.10381689
61,148,27.10381689
72,174,27.10110021
67,1186,27.10110021
111,838,27.10110021
74,615,27.10110021
73,846,27.10110021
59,988,27.10110021
76,191,27.10110021
89,145,27.73245771
68,743,27.73245771
95,1542,27.73245771
63,1150,27.73245771
58,775,29.33568112
53,976,29.33568112
593,692,29.33568112
495,1657,29.33568112
397,574,29.33568112
299,1136,29.33568112
202,1262,29.33568112
113,406,29.33568112
75,1355,29.33568112
93,585,29.33568112
50,255,29.33568112
75,953,29.33568112
79,1245,32.14234454
77,543,32.14234454
55,656,32.14234454
114,1327,32.14234454
80,721,32.14234454
64,1202,45.34528114
105,1454,45.34528114
249,829,45.34528114
111,181,45.34528114
100,478,45.34528114
116,906,45.34528114
78,1396,45.34528114
47,87,45.34528114
29,1093,45.34528114
45,1213,45.34528114
49,757,45.34330565
82,641,45.34330565
84,1213,45.34330565
20,280,45.34330565
78,316,45.34330565
103,449,45.34330565
14,247,51.00903452
30,1263,51.00903452
107,893,51.00903452
113,1484,51.00903452
28,558,51.00903452
61,842,51.00903452
45,757,51.00903452
83,679,57.18467851
14,769,57.18467851
99,1520,57.18467851
36,1497,63.94931215
19,568,63.94931215
24,1521,63.94931215
20,183,63.94775287
20,1505,63.94775287
20,1244,77.80049539
104,1588,77.80049539
82,638,77.80776909
81,1498,77.80776909
109,1365,77.80776909
104,372,77.80776909
110,1038,77.80776909
50,762,77.80638427
385,1406,84.26545093
188,438,84.26545093
53,1372,84.26545093
100,1245,84.26545093
37,1483,84.26545093
44,275,84.26545093
26,624,95.57951591
42,979,95.57951591
53,164,95.58679955
104,317,95.58679955
79,217,95.58679955
69,1345,95.58679955
70,1406,95.58679955
62,531,95.58679955
98,1004,95.58679955
57,173,100.9736424
50,435,100.9736424
97,1564,100.9736424
98,1059,100.9736424
34,194,100.9736424
20,584,100.9736424
28,655,100.9736424
60,1351,106.6367981
74,768,106.6367981
36,466,112.5447261
97,711,112.5447261
74,351,112.5447261
73,186,112.5447261
82,247,112.5447261
56,1084,118.5905889
1242,1361,118.5905889
1144,1661,118.5905889
1047,1124,118.5905889
951,1716,118.5905889
852,1954,118.5905889
654,796,118.5978804
456,1814,118.5978804
358,1846,118.5978804
260,966,118.5978804
162,340,118.5978804
64,1273,118.5978804
57,120,118.5978804
82,1373,118.5978804
42,686,118.59673
77,718,118.59673
33,457,118.59673
87,606,124.7413769
75,1456,124.7413769
60,377,124.7413769
